<?xml version="1.0" encoding="UTF-8" ?>
<Project>
    <ProjectInfo gkxmlVersion="1.2">
        <Title>TMSLZCchukou</Title>
    </ProjectInfo>
    <Building sourceType="GPL" northAxis="0">
        <EarthReferenceSystem type="WGS84">
            <altitudeMode>relativeToGround</altitudeMode>
            <Location>
                <longitude>30</longitude>
                <latitude>119</latitude>
                <altitude>0</altitude>
            </Location>
            <Orientation>
                <heading>0</heading>
                <tilt>0.0</tilt>
                <roll>0.0</roll>
            </Orientation>
        </EarthReferenceSystem>
        <ExportOptions>
            <Item name="floorMerge" value="false" />
            <Item name="wallMerge" value="true">
                <MergeObjectTypes>WALL,CEILING,COLUMN,SLAB,SPACE,DOOR,WINDOW,STAIR,ELEVATOR</MergeObjectTypes>
            </Item>
        </ExportOptions>
        <Unit>centimeter</Unit>
        <DefaultBuilding>false</DefaultBuilding>
        <DefaultFloor>0</DefaultFloor>
        <Floors>
            <Floor id="0" name="1F" baseFloor="1" groupID="0" isMain="True">
                <FileSource name=".\TMSLZCchukou_1F_0.sbm" type="SBM" />
                <BoundingBox minimum="2309.498779, 0.000000, 868.002014" maximum="6798.777832, 945.000000, 3349.360107" />
            </Floor>
        </Floors>
        <SpaceInfo>
            <Floor id="0" name="1F" longname="1164612182" baseFloor="1" level="0" />
        </SpaceInfo>
        <ObjectHierarchy>
            <Entity id="0" name="1F" type="Floor" longname="1164612182">
                <Entity id="9" name="MERGED_0_LIBENT100_0" longname="" type="MERGED" visible="True" />
                <Entity id="14" name="MERGED_0_LIBENT107_0" longname="" type="MERGED" visible="True" />
                <Entity id="7" name="MERGED_0_LIBENT11_0" longname="" type="MERGED" visible="True" />
                <Entity id="15" name="MERGED_0_LIBENT134_0" longname="" type="MERGED" visible="True" />
                <Entity id="2" name="MERGED_0_LIBENT136_0" longname="" type="MERGED" visible="True" />
                <Entity id="10" name="MERGED_0_LIBENT145_0" longname="" type="MERGED" visible="True" />
                <Entity id="12" name="MERGED_0_LIBENT181_0" longname="" type="MERGED" visible="True" />
                <Entity id="13" name="MERGED_0_LIBENT182_0" longname="" type="MERGED" visible="True" />
                <Entity id="5" name="MERGED_0_LIBENT243_0" longname="" type="MERGED" visible="True" />
                <Entity id="6" name="MERGED_0_LIBENT246_0" longname="" type="MERGED" visible="True" />
                <Entity id="11" name="MERGED_0_LIBENT252_0" longname="" type="MERGED" visible="True" />
                <Entity id="3" name="MERGED_0_LIBENT2_0" longname="" type="MERGED" visible="True" />
                <Entity id="4" name="MERGED_0_LIBENT3_0" longname="" type="MERGED" visible="True" />
                <Entity id="1" name="MERGED_0_LIBENT5_0" longname="" type="MERGED" visible="True" />
                <Entity id="8" name="MERGED_0_LIBENT77_0" longname="" type="MERGED" visible="True" />
            </Entity>
        </ObjectHierarchy>
    </Building>
</Project>
