<?xml version="1.0" encoding="UTF-8" ?>
<Project>
    <ProjectInfo gkxmlVersion="1.2">
        <Title>TMSLZAchukou01</Title>
    </ProjectInfo>
    <Building sourceType="GPL" northAxis="0">
        <EarthReferenceSystem type="WGS84">
            <altitudeMode>relativeToGround</altitudeMode>
            <Location>
                <longitude>30</longitude>
                <latitude>119</latitude>
                <altitude>0</altitude>
            </Location>
            <Orientation>
                <heading>0</heading>
                <tilt>0.0</tilt>
                <roll>0.0</roll>
            </Orientation>
        </EarthReferenceSystem>
        <ExportOptions>
            <Item name="floorMerge" value="false" />
            <Item name="wallMerge" value="true">
                <MergeObjectTypes>WALL,CEILING,COLUMN,SLAB,SPACE,DOOR,WINDOW,STAIR,ELEVATOR</MergeObjectTypes>
            </Item>
        </ExportOptions>
        <Unit>centimeter</Unit>
        <DefaultBuilding>false</DefaultBuilding>
        <DefaultFloor>0</DefaultFloor>
        <Floors>
            <Floor id="0" name="1F" baseFloor="1" groupID="0" isMain="True">
                <FileSource name=".\TMSLZAchukou01_1F_0.sbm" type="SBM" />
                <BoundingBox minimum="-4459.328613, 0.000000, -3435.000000" maximum="2126.468018, 945.000000, -967.815369" />
            </Floor>
        </Floors>
        <SpaceInfo>
            <Floor id="0" name="1F" longname="1164612182" baseFloor="1" level="0" />
        </SpaceInfo>
        <ObjectHierarchy>
            <Entity id="0" name="1F" type="Floor" longname="1164612182">
                <Entity id="21" name="MERGED_0_LIBENT109_0" longname="" type="MERGED" visible="True" />
                <Entity id="20" name="MERGED_0_LIBENT110_0" longname="" type="MERGED" visible="True" />
                <Entity id="2" name="MERGED_0_LIBENT111_0" longname="" type="MERGED" visible="True" />
                <Entity id="10" name="MERGED_0_LIBENT117_0" longname="" type="MERGED" visible="True" />
                <Entity id="7" name="MERGED_0_LIBENT11_0" longname="" type="MERGED" visible="True" />
                <Entity id="18" name="MERGED_0_LIBENT145_0" longname="" type="MERGED" visible="True" />
                <Entity id="19" name="MERGED_0_LIBENT146_0" longname="" type="MERGED" visible="True" />
                <Entity id="5" name="MERGED_0_LIBENT202_0" longname="" type="MERGED" visible="True" />
                <Entity id="6" name="MERGED_0_LIBENT203_0" longname="" type="MERGED" visible="True" />
                <Entity id="16" name="MERGED_0_LIBENT208_0" longname="" type="MERGED" visible="True" />
                <Entity id="3" name="MERGED_0_LIBENT2_0" longname="" type="MERGED" visible="True" />
                <Entity id="4" name="MERGED_0_LIBENT3_0" longname="" type="MERGED" visible="True" />
                <Entity id="1" name="MERGED_0_LIBENT5_0" longname="" type="MERGED" visible="True" />
                <Entity id="8" name="MERGED_0_LIBENT77_0" longname="" type="MERGED" visible="True" />
                <Entity id="13" name="MERGED_0_LIBENT86_0" longname="" type="MERGED" visible="True" />
                <Entity id="11" name="MERGED_0_LIBENT87_0" longname="" type="MERGED" visible="True" />
                <Entity id="15" name="MERGED_0_LIBENT88_0" longname="" type="MERGED" visible="True" />
                <Entity id="12" name="MERGED_0_LIBENT89_0" longname="" type="MERGED" visible="True" />
                <Entity id="14" name="MERGED_0_LIBENT90_0" longname="" type="MERGED" visible="True" />
                <Entity id="9" name="MERGED_0_LIBENT91_0" longname="" type="MERGED" visible="True" />
                <Entity id="17" name="MERGED_0_LIBENT92_0" longname="" type="MERGED" visible="True" />
            </Entity>
        </ObjectHierarchy>
    </Building>
</Project>
