<?xml version="1.0" encoding="UTF-8" ?>
<Project>
    <ProjectInfo gkxmlVersion="1.2">
        <Title>TMSLZzhanting09</Title>
    </ProjectInfo>
    <Building sourceType="GPL" northAxis="0">
        <EarthReferenceSystem type="WGS84">
            <altitudeMode>relativeToGround</altitudeMode>
            <Location>
                <longitude>30</longitude>
                <latitude>119</latitude>
                <altitude>0</altitude>
            </Location>
            <Orientation>
                <heading>0</heading>
                <tilt>0.0</tilt>
                <roll>0.0</roll>
            </Orientation>
        </EarthReferenceSystem>
        <ExportOptions>
            <Item name="floorMerge" value="false" />
            <Item name="wallMerge" value="true">
                <MergeObjectTypes>WALL,CEILING,COLUMN,SLAB,SPACE,DOOR,WINDOW,STAIR,ELEVATOR</MergeObjectTypes>
            </Item>
        </ExportOptions>
        <Unit>centimeter</Unit>
        <DefaultBuilding>false</DefaultBuilding>
        <DefaultFloor>0</DefaultFloor>
        <Floors>
            <Floor id="0" name="1F" baseFloor="1" groupID="0" isMain="True">
                <FileSource name=".\TMSLZzhanting09_1F_0.sbm" type="SBM" />
                <BoundingBox minimum="-11820.002930, -3.510000, -3435.000000" maximum="6798.777832, 945.000000, 3536.003418" />
            </Floor>
        </Floors>
        <SpaceInfo>
            <Floor id="0" name="1F" longname="1164612182" baseFloor="1" level="0" />
        </SpaceInfo>
        <ObjectHierarchy>
            <Entity id="0" name="1F" type="Floor" longname="1164612182">
                <Entity id="57" name="MERGED_0_ElevatorDefault_0" longname="" type="MERGED" visible="True" />
                <Entity id="56" name="MERGED_0_ElevatorDoorDefault_0" longname="" type="MERGED" visible="True" />
                <Entity id="58" name="MERGED_0_ElevatorSignMtr_0" longname="" type="MERGED" visible="True" />
                <Entity id="18" name="MERGED_0_LIBENT0_0" longname="" type="MERGED" visible="True" />
                <Entity id="33" name="MERGED_0_LIBENT100_0" longname="" type="MERGED" visible="True" />
                <Entity id="36" name="MERGED_0_LIBENT101_0" longname="" type="MERGED" visible="True" />
                <Entity id="34" name="MERGED_0_LIBENT102_0" longname="" type="MERGED" visible="True" />
                <Entity id="37" name="MERGED_0_LIBENT103_0" longname="" type="MERGED" visible="True" />
                <Entity id="38" name="MERGED_0_LIBENT104_0" longname="" type="MERGED" visible="True" />
                <Entity id="39" name="MERGED_0_LIBENT105_0" longname="" type="MERGED" visible="True" />
                <Entity id="35" name="MERGED_0_LIBENT106_0" longname="" type="MERGED" visible="True" />
                <Entity id="41" name="MERGED_0_LIBENT107_0" longname="" type="MERGED" visible="True" />
                <Entity id="40" name="MERGED_0_LIBENT108_0" longname="" type="MERGED" visible="True" />
                <Entity id="42" name="MERGED_0_LIBENT109_0" longname="" type="MERGED" visible="True" />
                <Entity id="20" name="MERGED_0_LIBENT10_0" longname="" type="MERGED" visible="True" />
                <Entity id="14" name="MERGED_0_LIBENT11_0" longname="" type="MERGED" visible="True" />
                <Entity id="53" name="MERGED_0_LIBENT129_0" longname="" type="MERGED" visible="True" />
                <Entity id="54" name="MERGED_0_LIBENT130_0" longname="" type="MERGED" visible="True" />
                <Entity id="9" name="MERGED_0_LIBENT131_0" longname="" type="MERGED" visible="True" />
                <Entity id="8" name="MERGED_0_LIBENT132_0" longname="" type="MERGED" visible="True" />
                <Entity id="10" name="MERGED_0_LIBENT133_0" longname="" type="MERGED" visible="True" />
                <Entity id="55" name="MERGED_0_LIBENT134_0" longname="" type="MERGED" visible="True" />
                <Entity id="52" name="MERGED_0_LIBENT135_0" longname="" type="MERGED" visible="True" />
                <Entity id="1" name="MERGED_0_LIBENT136_0" longname="" type="MERGED" visible="True" />
                <Entity id="43" name="MERGED_0_LIBENT144_0" longname="" type="MERGED" visible="True" />
                <Entity id="44" name="MERGED_0_LIBENT145_0" longname="" type="MERGED" visible="True" />
                <Entity id="19" name="MERGED_0_LIBENT15_0" longname="" type="MERGED" visible="True" />
                <Entity id="17" name="MERGED_0_LIBENT162_0" longname="" type="MERGED" visible="True" />
                <Entity id="16" name="MERGED_0_LIBENT166_0" longname="" type="MERGED" visible="True" />
                <Entity id="47" name="MERGED_0_LIBENT181_0" longname="" type="MERGED" visible="True" />
                <Entity id="48" name="MERGED_0_LIBENT182_0" longname="" type="MERGED" visible="True" />
                <Entity id="46" name="MERGED_0_LIBENT185_0" longname="" type="MERGED" visible="True" />
                <Entity id="50" name="MERGED_0_LIBENT186_0" longname="" type="MERGED" visible="True" />
                <Entity id="49" name="MERGED_0_LIBENT187_0" longname="" type="MERGED" visible="True" />
                <Entity id="5" name="MERGED_0_LIBENT1_0" longname="" type="MERGED" visible="True" />
                <Entity id="51" name="MERGED_0_LIBENT241_0" longname="" type="MERGED" visible="True" />
                <Entity id="7" name="MERGED_0_LIBENT243_0" longname="" type="MERGED" visible="True" />
                <Entity id="11" name="MERGED_0_LIBENT244_0" longname="" type="MERGED" visible="True" />
                <Entity id="12" name="MERGED_0_LIBENT245_0" longname="" type="MERGED" visible="True" />
                <Entity id="13" name="MERGED_0_LIBENT246_0" longname="" type="MERGED" visible="True" />
                <Entity id="4" name="MERGED_0_LIBENT247_0" longname="" type="MERGED" visible="True" />
                <Entity id="3" name="MERGED_0_LIBENT2_0" longname="" type="MERGED" visible="True" />
                <Entity id="6" name="MERGED_0_LIBENT3_0" longname="" type="MERGED" visible="True" />
                <Entity id="21" name="MERGED_0_LIBENT4_0" longname="" type="MERGED" visible="True" />
                <Entity id="2" name="MERGED_0_LIBENT5_0" longname="" type="MERGED" visible="True" />
                <Entity id="22" name="MERGED_0_LIBENT76_0" longname="" type="MERGED" visible="True" />
                <Entity id="15" name="MERGED_0_LIBENT77_0" longname="" type="MERGED" visible="True" />
                <Entity id="23" name="MERGED_0_LIBENT7_0" longname="" type="MERGED" visible="True" />
                <Entity id="29" name="MERGED_0_LIBENT90_0" longname="" type="MERGED" visible="True" />
                <Entity id="27" name="MERGED_0_LIBENT91_0" longname="" type="MERGED" visible="True" />
                <Entity id="26" name="MERGED_0_LIBENT92_0" longname="" type="MERGED" visible="True" />
                <Entity id="25" name="MERGED_0_LIBENT93_0" longname="" type="MERGED" visible="True" />
                <Entity id="28" name="MERGED_0_LIBENT94_0" longname="" type="MERGED" visible="True" />
                <Entity id="24" name="MERGED_0_LIBENT95_0" longname="" type="MERGED" visible="True" />
                <Entity id="45" name="MERGED_0_LIBENT96_0" longname="" type="MERGED" visible="True" />
                <Entity id="31" name="MERGED_0_LIBENT97_0" longname="" type="MERGED" visible="True" />
                <Entity id="30" name="MERGED_0_LIBENT98_0" longname="" type="MERGED" visible="True" />
                <Entity id="32" name="MERGED_0_LIBENT99_0" longname="" type="MERGED" visible="True" />
            </Entity>
        </ObjectHierarchy>
    </Building>
</Project>
