<?xml version="1.0" encoding="UTF-8" ?>
<Project>
    <ProjectInfo gkxmlVersion="1.2">
        <Title>TMSLZzhanting08</Title>
    </ProjectInfo>
    <Building sourceType="GPL" northAxis="0">
        <EarthReferenceSystem type="WGS84">
            <altitudeMode>relativeToGround</altitudeMode>
            <Location>
                <longitude>30</longitude>
                <latitude>119</latitude>
                <altitude>0</altitude>
            </Location>
            <Orientation>
                <heading>0</heading>
                <tilt>0.0</tilt>
                <roll>0.0</roll>
            </Orientation>
        </EarthReferenceSystem>
        <ExportOptions>
            <Item name="floorMerge" value="false" />
            <Item name="wallMerge" value="true">
                <MergeObjectTypes>WALL,CEILING,COLUMN,SLAB,SPACE,DOOR,WINDOW,STAIR,ELEVATOR</MergeObjectTypes>
            </Item>
        </ExportOptions>
        <Unit>centimeter</Unit>
        <DefaultBuilding>false</DefaultBuilding>
        <DefaultFloor>0</DefaultFloor>
        <Floors>
            <Floor id="0" name="1F" baseFloor="1" groupID="0" isMain="True">
                <FileSource name=".\TMSLZzhanting08_1F_0.sbm" type="SBM" />
                <BoundingBox minimum="-11820.002930, -3.510000, -3435.000000" maximum="6798.777832, 945.000000, 3536.003418" />
            </Floor>
        </Floors>
        <SpaceInfo>
            <Floor id="0" name="1F" longname="1164612182" baseFloor="1" level="0" />
        </SpaceInfo>
        <ObjectHierarchy>
            <Entity id="0" name="1F" type="Floor" longname="1164612182">
                <Entity id="57" name="MERGED_0_ElevatorDefault_0" longname="" type="MERGED" visible="True" />
                <Entity id="56" name="MERGED_0_ElevatorDoorDefault_0" longname="" type="MERGED" visible="True" />
                <Entity id="58" name="MERGED_0_ElevatorSignMtr_0" longname="" type="MERGED" visible="True" />
                <Entity id="18" name="MERGED_0_LIBENT204_0" longname="" type="MERGED" visible="True" />
                <Entity id="5" name="MERGED_0_LIBENT205_0" longname="" type="MERGED" visible="True" />
                <Entity id="3" name="MERGED_0_LIBENT206_0" longname="" type="MERGED" visible="True" />
                <Entity id="6" name="MERGED_0_LIBENT207_0" longname="" type="MERGED" visible="True" />
                <Entity id="21" name="MERGED_0_LIBENT208_0" longname="" type="MERGED" visible="True" />
                <Entity id="2" name="MERGED_0_LIBENT209_0" longname="" type="MERGED" visible="True" />
                <Entity id="23" name="MERGED_0_LIBENT211_0" longname="" type="MERGED" visible="True" />
                <Entity id="20" name="MERGED_0_LIBENT214_0" longname="" type="MERGED" visible="True" />
                <Entity id="14" name="MERGED_0_LIBENT215_0" longname="" type="MERGED" visible="True" />
                <Entity id="19" name="MERGED_0_LIBENT219_0" longname="" type="MERGED" visible="True" />
                <Entity id="22" name="MERGED_0_LIBENT280_0" longname="" type="MERGED" visible="True" />
                <Entity id="15" name="MERGED_0_LIBENT281_0" longname="" type="MERGED" visible="True" />
                <Entity id="29" name="MERGED_0_LIBENT294_0" longname="" type="MERGED" visible="True" />
                <Entity id="27" name="MERGED_0_LIBENT295_0" longname="" type="MERGED" visible="True" />
                <Entity id="26" name="MERGED_0_LIBENT296_0" longname="" type="MERGED" visible="True" />
                <Entity id="25" name="MERGED_0_LIBENT297_0" longname="" type="MERGED" visible="True" />
                <Entity id="28" name="MERGED_0_LIBENT298_0" longname="" type="MERGED" visible="True" />
                <Entity id="24" name="MERGED_0_LIBENT299_0" longname="" type="MERGED" visible="True" />
                <Entity id="45" name="MERGED_0_LIBENT300_0" longname="" type="MERGED" visible="True" />
                <Entity id="31" name="MERGED_0_LIBENT301_0" longname="" type="MERGED" visible="True" />
                <Entity id="30" name="MERGED_0_LIBENT302_0" longname="" type="MERGED" visible="True" />
                <Entity id="32" name="MERGED_0_LIBENT303_0" longname="" type="MERGED" visible="True" />
                <Entity id="33" name="MERGED_0_LIBENT304_0" longname="" type="MERGED" visible="True" />
                <Entity id="36" name="MERGED_0_LIBENT305_0" longname="" type="MERGED" visible="True" />
                <Entity id="34" name="MERGED_0_LIBENT306_0" longname="" type="MERGED" visible="True" />
                <Entity id="37" name="MERGED_0_LIBENT307_0" longname="" type="MERGED" visible="True" />
                <Entity id="38" name="MERGED_0_LIBENT308_0" longname="" type="MERGED" visible="True" />
                <Entity id="39" name="MERGED_0_LIBENT309_0" longname="" type="MERGED" visible="True" />
                <Entity id="35" name="MERGED_0_LIBENT310_0" longname="" type="MERGED" visible="True" />
                <Entity id="41" name="MERGED_0_LIBENT311_0" longname="" type="MERGED" visible="True" />
                <Entity id="40" name="MERGED_0_LIBENT312_0" longname="" type="MERGED" visible="True" />
                <Entity id="42" name="MERGED_0_LIBENT313_0" longname="" type="MERGED" visible="True" />
                <Entity id="53" name="MERGED_0_LIBENT333_0" longname="" type="MERGED" visible="True" />
                <Entity id="54" name="MERGED_0_LIBENT334_0" longname="" type="MERGED" visible="True" />
                <Entity id="9" name="MERGED_0_LIBENT335_0" longname="" type="MERGED" visible="True" />
                <Entity id="8" name="MERGED_0_LIBENT336_0" longname="" type="MERGED" visible="True" />
                <Entity id="10" name="MERGED_0_LIBENT337_0" longname="" type="MERGED" visible="True" />
                <Entity id="55" name="MERGED_0_LIBENT338_0" longname="" type="MERGED" visible="True" />
                <Entity id="52" name="MERGED_0_LIBENT339_0" longname="" type="MERGED" visible="True" />
                <Entity id="1" name="MERGED_0_LIBENT340_0" longname="" type="MERGED" visible="True" />
                <Entity id="43" name="MERGED_0_LIBENT348_0" longname="" type="MERGED" visible="True" />
                <Entity id="44" name="MERGED_0_LIBENT349_0" longname="" type="MERGED" visible="True" />
                <Entity id="17" name="MERGED_0_LIBENT366_0" longname="" type="MERGED" visible="True" />
                <Entity id="16" name="MERGED_0_LIBENT370_0" longname="" type="MERGED" visible="True" />
                <Entity id="47" name="MERGED_0_LIBENT385_0" longname="" type="MERGED" visible="True" />
                <Entity id="48" name="MERGED_0_LIBENT386_0" longname="" type="MERGED" visible="True" />
                <Entity id="46" name="MERGED_0_LIBENT389_0" longname="" type="MERGED" visible="True" />
                <Entity id="50" name="MERGED_0_LIBENT390_0" longname="" type="MERGED" visible="True" />
                <Entity id="49" name="MERGED_0_LIBENT391_0" longname="" type="MERGED" visible="True" />
                <Entity id="51" name="MERGED_0_LIBENT445_0" longname="" type="MERGED" visible="True" />
                <Entity id="7" name="MERGED_0_LIBENT447_0" longname="" type="MERGED" visible="True" />
                <Entity id="11" name="MERGED_0_LIBENT448_0" longname="" type="MERGED" visible="True" />
                <Entity id="12" name="MERGED_0_LIBENT449_0" longname="" type="MERGED" visible="True" />
                <Entity id="13" name="MERGED_0_LIBENT450_0" longname="" type="MERGED" visible="True" />
                <Entity id="4" name="MERGED_0_LIBENT451_0" longname="" type="MERGED" visible="True" />
            </Entity>
        </ObjectHierarchy>
    </Building>
</Project>
